key,label
grapheme.006-002-006-417-030-458-057.jpg,0
grapheme.014-002-007-412-057-443-095.jpg,0
grapheme.013-002-005-115-052-169-136.jpg,0
grapheme.010-012-004-240-022-278-076.jpg,0
grapheme.011-002-003-193-021-234-062.jpg,0
grapheme.001-002-003-107-021-137-056.jpg,0
grapheme.003-008-002-188-051-224-107.jpg,0
grapheme.001-002-001-357-011-380-047.jpg,0
grapheme.011-002-006-327-026-362-066.jpg,0
grapheme.012-003-003-272-048-304-090.jpg,0
grapheme.007-006-006-298-068-324-110.jpg,0
grapheme.001-002-006-276-015-302-041.jpg,0
grapheme.007-003-002-159-040-185-073.jpg,0
grapheme.007-006-017-190-017-218-058.jpg,0
grapheme.001-002-007-154-022-178-048.jpg,0
grapheme.003-008-008-048-000-078-039.jpg,0
grapheme.007-003-003-073-036-102-065.jpg,0
grapheme.010-012-009-095-012-143-092.jpg,0
grapheme.013-002-003-298-065-339-132.jpg,0
grapheme.007-001-005-101-085-149-148.jpg,0
grapheme.012-003-007-368-101-398-141.jpg,0
grapheme.012-003-002-307-048-336-090.jpg,0
grapheme.007-006-018-275-198-304-251.jpg,0
grapheme.007-006-002-267-063-300-124.jpg,0
grapheme.007-006-007-073-150-141-224.jpg,0
grapheme.010-012-010-189-005-218-041.jpg,0
grapheme.007-003-005-121-043-142-069.jpg,0
grapheme.014-002-006-126-036-175-091.jpg,0
grapheme.013-002-002-385-063-417-114.jpg,0
grapheme.014-002-004-375-056-411-100.jpg,0
grapheme.011-002-007-282-026-312-058.jpg,0
grapheme.003-011-005-355-044-381-088.jpg,0
grapheme.003-008-003-366-064-396-112.jpg,0
grapheme.007-006-004-120-059-154-110.jpg,0
grapheme.003-008-011-453-057-511-121.jpg,0
grapheme.001-002-004-300-012-321-043.jpg,0
grapheme.010-012-003-131-005-191-083.jpg,0
grapheme.001-003-007-091-095-511-511.jpg,0
grapheme.001-002-011-188-016-215-038.jpg,0
grapheme.003-005-002-252-011-286-063.jpg,0
grapheme.014-002-010-071-074-106-104.jpg,0
grapheme.003-005-005-154-017-200-060.jpg,0
grapheme.003-011-004-390-053-429-089.jpg,0
grapheme.012-003-006-415-066-481-100.jpg,0
grapheme.007-001-008-389-004-414-050.jpg,0
grapheme.007-001-001-318-065-380-164.jpg,0
grapheme.007-003-007-417-046-442-073.jpg,0
grapheme.012-003-004-150-033-205-091.jpg,0
grapheme.001-002-008-442-004-464-049.jpg,0
grapheme.011-002-002-149-016-190-067.jpg,0
grapheme.007-001-004-008-044-080-130.jpg,0
grapheme.001-002-010-224-017-250-039.jpg,0
grapheme.003-011-002-306-039-350-103.jpg,0
grapheme.001-002-009-384-011-412-036.jpg,0
grapheme.003-011-007-459-052-511-129.jpg,0
grapheme.014-002-003-182-029-229-088.jpg,0
grapheme.012-001-004-156-025-202-066.jpg,0
grapheme.007-006-015-382-142-409-183.jpg,0
grapheme.012-001-001-272-034-304-069.jpg,0
grapheme.003-008-007-029-043-110-137.jpg,0
grapheme.014-002-009-033-068-056-105.jpg,0
grapheme.001-003-005-007-063-065-149.jpg,0
grapheme.006-002-004-312-026-346-069.jpg,0
grapheme.007-003-006-352-041-376-062.jpg,0
grapheme.013-002-009-454-025-511-121.jpg,0
grapheme.007-001-010-360-074-380-123.jpg,0
grapheme.003-011-001-181-030-225-088.jpg,0
grapheme.011-002-008-074-039-104-064.jpg,0
grapheme.007-006-014-434-161-457-217.jpg,0
grapheme.001-003-002-411-045-447-084.jpg,0
grapheme.011-002-004-363-026-399-068.jpg,0
grapheme.001-003-003-334-039-367-089.jpg,0
grapheme.003-005-003-288-013-326-055.jpg,0
grapheme.007-006-016-280-001-305-038.jpg,0
grapheme.007-003-008-392-045-416-075.jpg,0
grapheme.007-006-003-056-038-122-134.jpg,0
grapheme.014-002-002-248-042-286-091.jpg,0
grapheme.011-002-001-399-029-434-070.jpg,0
grapheme.001-003-004-215-047-268-103.jpg,0
grapheme.007-006-009-286-200-340-287.jpg,0
grapheme.013-002-001-339-063-374-124.jpg,0
grapheme.003-011-006-231-037-257-070.jpg,0
grapheme.007-003-004-142-041-162-071.jpg,0
grapheme.014-002-008-445-062-493-100.jpg,0
grapheme.003-005-007-381-024-403-080.jpg,0
grapheme.001-003-009-460-078-511-147.jpg,0
grapheme.001-003-006-143-047-210-092.jpg,0
grapheme.003-005-004-431-030-464-064.jpg,0
grapheme.006-002-003-247-025-291-076.jpg,0
grapheme.002-002-002-168-008-207-036.jpg,0
grapheme.012-003-009-013-049-040-077.jpg,0
grapheme.003-008-005-093-062-131-105.jpg,0
grapheme.012-001-006-311-030-332-073.jpg,0
grapheme.001-003-001-366-045-410-090.jpg,0
grapheme.013-002-007-441-019-462-057.jpg,0
grapheme.007-006-013-161-105-190-159.jpg,0
grapheme.012-003-001-345-050-377-084.jpg,0
grapheme.006-002-001-350-025-384-064.jpg,0
grapheme.003-005-006-405-028-430-069.jpg,0
grapheme.007-006-008-012-131-042-173.jpg,0
grapheme.012-001-005-245-035-266-068.jpg,0
grapheme.010-012-006-044-007-116-097.jpg,0
grapheme.010-012-005-442-028-479-060.jpg,0
grapheme.010-012-002-281-021-320-068.jpg,0
grapheme.007-003-001-011-038-047-074.jpg,0
grapheme.007-001-007-140-095-169-144.jpg,0
grapheme.003-011-003-050-027-113-088.jpg,0
grapheme.012-003-005-208-031-253-074.jpg,0
grapheme.012-001-008-043-030-075-052.jpg,0
grapheme.007-001-009-142-096-511-511.jpg,0
grapheme.002-002-001-132-009-168-042.jpg,0
grapheme.007-003-009-448-040-477-080.jpg,0
grapheme.014-002-005-338-057-372-101.jpg,0
grapheme.001-002-013-014-010-053-038.jpg,0
grapheme.003-008-009-081-000-511-511.jpg,0
grapheme.003-008-001-325-059-362-111.jpg,0
grapheme.007-001-002-236-063-323-166.jpg,0
grapheme.013-002-010-067-080-096-109.jpg,0
grapheme.012-001-009-021-024-055-049.jpg,0
grapheme.011-002-009-037-035-114-129.jpg,0
grapheme.006-002-005-091-024-152-073.jpg,0
grapheme.010-012-001-369-016-410-068.jpg,0
grapheme.011-002-005-249-022-284-065.jpg,0
grapheme.003-008-010-003-003-041-026.jpg,0
grapheme.012-001-002-222-036-249-072.jpg,0
grapheme.003-005-008-000-124-267-349.jpg,0
grapheme.007-006-010-179-175-214-221.jpg,0
grapheme.001-002-005-470-006-496-030.jpg,0
grapheme.007-001-003-186-061-228-142.jpg,0
grapheme.010-012-008-056-090-479-511.jpg,0
grapheme.013-002-008-024-073-046-109.jpg,0
grapheme.007-001-006-107-020-178-122.jpg,0
grapheme.012-001-007-341-037-375-063.jpg,0
grapheme.010-012-011-028-000-066-062.jpg,0
grapheme.007-006-012-157-018-189-061.jpg,0
grapheme.003-008-004-228-060-270-104.jpg,0
grapheme.012-001-003-092-025-131-083.jpg,0
grapheme.012-003-008-046-056-072-078.jpg,0
grapheme.001-002-012-410-008-436-033.jpg,0
grapheme.007-006-011-367-069-420-146.jpg,0
grapheme.013-002-004-246-060-277-114.jpg,0
grapheme.014-002-001-288-042-326-089.jpg,0
grapheme.013-002-006-194-055-261-116.jpg,0
grapheme.007-006-005-340-208-401-284.jpg,0
grapheme.001-003-008-083-129-104-169.jpg,0
grapheme.010-012-007-412-019-441-064.jpg,0
grapheme.007-001-011-065-117-101-169.jpg,0
grapheme.003-008-006-399-071-432-103.jpg,0
grapheme.003-005-001-096-016-164-088.jpg,0
grapheme.003-011-008-240-035-290-123.jpg,0
grapheme.007-006-001-217-064-263-128.jpg,0
grapheme.006-002-002-164-022-205-087.jpg,0
grapheme.001-002-002-329-014-353-048.jpg,0
grapheme.010-011-002-365-027-397-080.jpg,0
grapheme.007-005-003-214-031-244-076.jpg,0
grapheme.007-005-012-005-059-050-130.jpg,0
grapheme.006-011-006-142-057-168-089.jpg,0
grapheme.010-011-003-234-031-276-083.jpg,0
grapheme.002-004-001-131-043-156-078.jpg,0
grapheme.010-011-004-045-015-097-092.jpg,0
grapheme.010-009-009-477-014-511-056.jpg,0
grapheme.010-011-007-125-022-169-087.jpg,0
grapheme.013-004-009-054-058-081-087.jpg,0
grapheme.005-001-005-110-021-191-073.jpg,0
grapheme.006-015-007-054-019-098-051.jpg,0
grapheme.007-004-001-030-023-063-066.jpg,0
grapheme.014-001-007-334-053-370-097.jpg,0
grapheme.010-011-010-156-029-334-294.jpg,0
grapheme.003-010-003-362-060-390-111.jpg,0
grapheme.010-014-002-415-028-445-071.jpg,0
grapheme.010-009-006-227-018-252-049.jpg,0
grapheme.010-009-003-305-015-356-070.jpg,0
grapheme.014-001-005-406-043-448-093.jpg,0
grapheme.013-004-004-402-050-439-098.jpg,0
grapheme.006-015-002-334-013-386-071.jpg,0
grapheme.012-002-002-168-020-194-056.jpg,0
grapheme.002-004-010-239-043-262-070.jpg,0
grapheme.013-004-002-361-048-398-096.jpg,0
grapheme.006-018-003-130-012-176-075.jpg,0
grapheme.007-005-010-035-136-073-184.jpg,0
grapheme.010-013-002-301-019-337-061.jpg,0
grapheme.007-005-001-137-019-195-095.jpg,0
grapheme.012-002-008-321-012-382-067.jpg,0
grapheme.006-018-006-411-028-452-064.jpg,0
grapheme.012-002-001-110-018-152-057.jpg,0
grapheme.007-004-002-125-031-149-055.jpg,0
grapheme.010-009-004-075-015-116-058.jpg,0
grapheme.010-013-005-421-019-453-056.jpg,0
grapheme.014-001-002-282-044-319-088.jpg,0
grapheme.010-013-001-466-027-501-069.jpg,0
grapheme.010-011-001-433-030-462-076.jpg,0
grapheme.006-015-005-109-017-134-062.jpg,0
grapheme.006-015-001-371-012-402-048.jpg,0
grapheme.010-009-001-189-010-224-059.jpg,0
grapheme.003-010-001-192-040-223-092.jpg,0
grapheme.010-011-005-404-034-432-079.jpg,0
grapheme.007-005-011-082-143-118-190.jpg,0
grapheme.006-011-003-031-021-085-071.jpg,0
grapheme.013-004-007-277-040-315-087.jpg,0
grapheme.006-006-004-122-017-177-080.jpg,0
grapheme.006-018-001-224-018-270-077.jpg,0
grapheme.002-004-012-405-048-428-072.jpg,0
grapheme.010-014-003-196-022-259-071.jpg,0
grapheme.012-002-003-259-031-282-065.jpg,0
grapheme.014-001-006-190-034-234-088.jpg,0
grapheme.003-010-006-337-052-360-104.jpg,0
grapheme.006-018-002-063-013-119-074.jpg,0
grapheme.005-001-002-364-012-389-043.jpg,0
grapheme.013-004-005-122-025-166-075.jpg,0
grapheme.007-004-005-090-031-114-061.jpg,0
grapheme.012-002-006-232-030-257-062.jpg,0
grapheme.010-014-005-085-016-136-081.jpg,0
grapheme.002-004-008-200-045-236-073.jpg,0
grapheme.002-004-002-103-044-127-072.jpg,0
grapheme.014-001-010-466-052-509-089.jpg,0
grapheme.010-009-005-396-025-427-053.jpg,0
grapheme.010-011-006-278-033-314-074.jpg,0
grapheme.010-009-007-246-058-281-093.jpg,0
grapheme.002-004-005-265-041-290-080.jpg,0
grapheme.005-001-008-046-010-073-031.jpg,0
grapheme.002-004-004-298-048-324-081.jpg,0
grapheme.007-005-013-042-062-477-511.jpg,0
grapheme.013-004-001-249-038-277-086.jpg,0
grapheme.003-010-005-070-027-149-097.jpg,0
grapheme.010-014-004-455-032-483-064.jpg,0
grapheme.010-014-006-365-024-395-069.jpg,0
grapheme.007-004-003-149-025-169-052.jpg,0
grapheme.007-005-004-326-038-359-074.jpg,0
grapheme.006-011-007-359-032-400-086.jpg,0
grapheme.010-011-008-471-038-490-084.jpg,0
grapheme.007-005-002-284-034-324-085.jpg,0
grapheme.014-001-001-367-051-402-093.jpg,0
grapheme.005-001-004-276-013-328-063.jpg,0
grapheme.010-014-001-278-025-307-076.jpg,0
grapheme.005-001-006-312-014-331-046.jpg,0
grapheme.007-005-008-181-098-245-198.jpg,0
grapheme.006-018-005-344-022-394-075.jpg,0
grapheme.010-013-006-215-013-302-068.jpg,0
grapheme.006-015-009-426-009-459-039.jpg,0
grapheme.006-015-003-137-023-162-054.jpg,0
grapheme.014-001-008-063-074-092-102.jpg,0
grapheme.012-002-004-288-031-316-061.jpg,0
grapheme.010-013-004-382-012-416-052.jpg,0
grapheme.002-004-003-080-049-110-086.jpg,0
grapheme.006-011-002-094-019-136-063.jpg,0
grapheme.012-002-005-055-013-099-051.jpg,0
grapheme.002-004-007-328-044-362-075.jpg,0
grapheme.014-001-004-138-038-180-082.jpg,0
grapheme.006-015-010-268-013-296-051.jpg,0
grapheme.006-015-004-226-010-264-044.jpg,0
grapheme.006-018-004-273-024-328-068.jpg,0
grapheme.005-001-009-264-000-307-510.jpg,0
grapheme.006-006-003-219-018-275-098.jpg,0
grapheme.006-006-001-310-030-347-071.jpg,0
grapheme.005-001-003-178-021-228-067.jpg,0
grapheme.003-010-007-397-070-427-095.jpg,0
grapheme.007-005-007-132-076-182-189.jpg,0
grapheme.006-006-005-426-032-482-067.jpg,0
grapheme.007-005-009-100-016-132-060.jpg,0
grapheme.007-004-004-070-029-089-057.jpg,0
grapheme.002-004-009-362-043-389-068.jpg,0
grapheme.007-005-006-073-014-112-066.jpg,0
grapheme.006-015-006-301-010-321-049.jpg,0
grapheme.006-015-008-181-017-209-065.jpg,0
grapheme.013-004-003-327-049-362-098.jpg,0
grapheme.005-001-001-339-015-371-045.jpg,0
grapheme.013-004-010-007-050-035-088.jpg,0
grapheme.002-004-011-035-049-068-075.jpg,0
grapheme.010-009-008-130-051-171-088.jpg,0
grapheme.010-009-002-361-017-390-056.jpg,0
grapheme.006-011-001-323-032-358-070.jpg,0
grapheme.005-001-007-152-026-172-053.jpg,0
grapheme.010-013-007-336-041-363-084.jpg,0
grapheme.007-005-005-360-038-385-080.jpg,0
grapheme.010-013-003-101-013-152-089.jpg,0
grapheme.013-004-006-175-025-226-078.jpg,0
grapheme.014-001-003-250-036-283-088.jpg,0
grapheme.002-004-006-158-041-189-070.jpg,0
grapheme.013-004-008-462-055-504-115.jpg,0
grapheme.003-010-004-008-025-067-114.jpg,0
grapheme.014-001-009-027-064-051-100.jpg,0
grapheme.006-011-004-266-019-323-073.jpg,0
grapheme.003-010-002-233-042-266-073.jpg,0
grapheme.010-011-009-017-031-164-291.jpg,0
grapheme.006-011-005-189-020-265-067.jpg,0
grapheme.006-006-002-349-032-382-067.jpg,0
grapheme.007-004-006-211-034-243-056.jpg,0
grapheme.012-002-007-195-027-215-060.jpg,0
grapheme.006-006-006-274-029-309-081.jpg,0
grapheme.003-002-002-349-038-384-084.jpg,0
grapheme.013-001-006-244-048-267-095.jpg,0
grapheme.002-003-003-350-046-383-080.jpg,0
grapheme.006-001-001-126-022-189-093.jpg,0
grapheme.002-003-004-110-043-133-078.jpg,0
grapheme.006-012-005-145-051-169-084.jpg,0
grapheme.010-005-003-088-012-133-073.jpg,0
grapheme.006-016-003-219-020-250-060.jpg,0
grapheme.003-007-010-373-036-443-141.jpg,0
grapheme.010-002-010-127-017-169-050.jpg,0
grapheme.010-005-004-394-012-433-049.jpg,0
grapheme.010-005-006-258-018-282-063.jpg,0
grapheme.008-002-004-319-063-361-105.jpg,0
grapheme.006-016-006-353-013-404-046.jpg,0
grapheme.006-007-005-026-012-062-074.jpg,0
grapheme.008-002-008-077-085-107-112.jpg,0
grapheme.008-002-011-039-080-062-115.jpg,0
grapheme.002-003-006-087-044-104-076.jpg,0
grapheme.002-003-008-185-039-209-079.jpg,0
grapheme.013-001-001-298-051-334-117.jpg,0
grapheme.013-001-008-032-062-058-099.jpg,0
grapheme.003-004-007-431-040-471-075.jpg,0
grapheme.003-007-001-094-026-125-065.jpg,0
grapheme.001-008-002-210-009-248-071.jpg,0
grapheme.003-002-001-096-015-155-080.jpg,0
grapheme.013-001-003-194-040-247-095.jpg,0
grapheme.010-002-012-373-011-410-038.jpg,0
grapheme.008-002-012-416-119-443-165.jpg,0
grapheme.006-016-002-254-024-282-064.jpg,0
grapheme.006-017-004-218-006-262-055.jpg,0
grapheme.006-012-006-363-023-414-096.jpg,0
grapheme.013-001-004-378-049-422-109.jpg,0
grapheme.010-016-002-356-020-392-067.jpg,0
grapheme.010-016-005-064-008-114-082.jpg,0
grapheme.003-002-005-199-029-237-083.jpg,0
grapheme.008-002-001-368-066-400-103.jpg,0
grapheme.010-005-005-341-010-390-055.jpg,0
grapheme.001-007-002-131-033-163-073.jpg,0
grapheme.010-016-004-292-017-319-055.jpg,0
grapheme.001-008-001-141-012-174-057.jpg,0
grapheme.001-007-011-085-029-122-071.jpg,0
grapheme.006-007-004-291-005-353-080.jpg,0
grapheme.006-017-006-413-027-448-054.jpg,0
grapheme.003-004-002-174-024-205-065.jpg,0
grapheme.003-007-009-438-028-481-102.jpg,0
grapheme.008-002-002-139-049-173-094.jpg,0
grapheme.006-007-002-159-013-198-078.jpg,0
grapheme.010-016-008-000-128-268-349.jpg,0
grapheme.008-002-006-179-045-221-096.jpg,0
grapheme.006-001-005-178-027-206-058.jpg,0
grapheme.006-007-006-378-017-414-054.jpg,0
grapheme.010-016-007-240-017-290-073.jpg,0
grapheme.003-002-006-244-031-308-094.jpg,0
grapheme.003-002-003-028-024-087-109.jpg,0
grapheme.013-001-010-027-132-101-251.jpg,0
grapheme.006-017-002-116-011-157-071.jpg,0
grapheme.003-007-007-358-036-383-067.jpg,0
grapheme.003-004-005-126-023-172-088.jpg,0
grapheme.003-007-002-183-028-219-083.jpg,0
grapheme.001-007-005-327-033-355-069.jpg,0
grapheme.006-012-003-243-009-289-075.jpg,0
grapheme.008-002-013-446-027-478-081.jpg,0
grapheme.010-002-008-408-009-445-065.jpg,0
grapheme.002-003-010-249-044-273-066.jpg,0
grapheme.001-007-006-389-041-415-069.jpg,0
grapheme.010-002-002-199-016-231-059.jpg,0
grapheme.008-002-003-239-062-272-102.jpg,0
grapheme.006-012-001-081-008-134-074.jpg,0
grapheme.006-016-001-289-021-322-054.jpg,0
grapheme.001-008-007-022-023-045-052.jpg,0
grapheme.006-007-001-073-015-110-067.jpg,0
grapheme.003-002-008-457-020-511-096.jpg,0
grapheme.003-004-004-265-034-300-079.jpg,0
grapheme.006-017-005-323-022-381-059.jpg,0
grapheme.006-001-002-338-028-369-063.jpg,0
grapheme.002-003-002-301-043-333-082.jpg,0
grapheme.010-002-001-288-013-319-059.jpg,0
grapheme.001-007-001-185-024-231-083.jpg,0
grapheme.003-007-003-222-033-260-074.jpg,0
grapheme.006-007-003-340-015-372-053.jpg,0
grapheme.003-007-006-317-031-344-076.jpg,0
grapheme.008-002-010-361-065-429-169.jpg,0
grapheme.001-007-010-403-035-444-108.jpg,0
grapheme.003-002-004-313-038-347-088.jpg,0
grapheme.013-001-007-165-088-199-134.jpg,0
grapheme.010-016-001-129-006-183-074.jpg,0
grapheme.010-005-001-436-008-467-041.jpg,0
grapheme.006-016-005-121-004-173-063.jpg,0
grapheme.003-007-004-387-036-422-065.jpg,0
grapheme.010-002-004-455-008-487-039.jpg,0
grapheme.001-007-009-457-036-511-096.jpg,0
grapheme.013-001-009-037-136-067-162.jpg,0
grapheme.010-002-003-086-020-122-052.jpg,0
grapheme.010-016-006-436-027-471-065.jpg,0
grapheme.006-001-003-270-028-299-069.jpg,0
grapheme.008-002-009-445-074-511-124.jpg,0
grapheme.002-003-007-377-046-399-068.jpg,0
grapheme.006-001-006-038-012-087-079.jpg,0
grapheme.010-002-011-243-016-282-055.jpg,0
grapheme.010-005-007-484-005-511-042.jpg,0
grapheme.003-004-006-033-027-076-090.jpg,0
grapheme.006-012-002-293-015-355-078.jpg,0
grapheme.003-004-001-376-037-407-087.jpg,0
grapheme.013-001-005-100-032-155-142.jpg,0
grapheme.001-007-004-358-034-386-073.jpg,0
grapheme.010-005-002-189-005-256-071.jpg,0
grapheme.010-002-007-012-010-042-062.jpg,0
grapheme.006-007-007-204-010-240-073.jpg,0
grapheme.006-016-004-077-012-109-068.jpg,0
grapheme.010-002-009-333-016-372-050.jpg,0
grapheme.003-007-005-032-023-107-092.jpg,0
grapheme.006-001-004-301-026-337-067.jpg,0
grapheme.002-003-005-058-044-082-067.jpg,0
grapheme.001-008-003-250-019-296-064.jpg,0
grapheme.008-002-005-273-059-302-101.jpg,0
grapheme.006-012-004-180-003-236-088.jpg,0
grapheme.006-017-001-046-005-110-065.jpg,0
grapheme.013-001-002-336-049-374-113.jpg,0
grapheme.010-016-003-394-018-431-065.jpg,0
grapheme.001-008-004-319-027-353-054.jpg,0
grapheme.001-008-005-351-029-376-053.jpg,0
grapheme.010-002-005-177-017-205-061.jpg,0
grapheme.003-002-007-386-034-410-070.jpg,0
grapheme.003-004-003-304-037-343-082.jpg,0
grapheme.003-007-008-138-056-167-093.jpg,0
grapheme.003-004-008-413-046-437-084.jpg,0
grapheme.001-007-007-024-024-045-054.jpg,0
grapheme.006-017-003-270-016-313-094.jpg,0
grapheme.001-007-008-060-030-086-056.jpg,0
grapheme.001-008-006-048-028-075-051.jpg,0
grapheme.008-002-007-399-066-438-100.jpg,0
grapheme.002-003-009-222-042-248-068.jpg,0
grapheme.010-002-006-057-017-078-056.jpg,0
grapheme.002-003-001-028-042-059-079.jpg,0
grapheme.001-007-003-246-036-291-075.jpg,0
grapheme.006-009-003-263-025-307-064.jpg,0
grapheme.006-014-005-111-023-161-079.jpg,0
grapheme.010-001-005-098-011-140-056.jpg,0
grapheme.006-008-004-135-013-181-081.jpg,0
grapheme.006-004-005-379-028-418-066.jpg,0
grapheme.002-001-001-301-013-332-050.jpg,0
grapheme.010-001-003-012-013-072-071.jpg,0
grapheme.011-001-004-206-028-227-055.jpg,0
grapheme.010-003-006-402-024-435-061.jpg,0
grapheme.006-009-001-128-020-160-059.jpg,0
grapheme.011-001-008-062-025-083-054.jpg,0
grapheme.001-006-003-028-016-080-086.jpg,0
grapheme.001-006-007-431-027-455-070.jpg,0
grapheme.006-014-006-405-026-453-061.jpg,0
grapheme.005-002-007-466-016-495-044.jpg,0
grapheme.005-002-003-224-014-257-044.jpg,0
grapheme.006-008-005-057-014-134-074.jpg,0
grapheme.010-003-007-375-019-400-065.jpg,0
grapheme.013-005-003-182-023-227-079.jpg,0
grapheme.006-009-004-311-026-339-057.jpg,0
grapheme.010-006-004-246-023-289-067.jpg,0
grapheme.010-001-008-276-018-303-046.jpg,0
grapheme.006-014-004-038-024-087-080.jpg,0
grapheme.013-005-004-125-028-178-079.jpg,0
grapheme.002-001-007-375-010-394-041.jpg,0
grapheme.011-001-007-099-021-118-052.jpg,0
grapheme.002-001-008-324-013-345-046.jpg,0
grapheme.006-014-001-216-016-252-072.jpg,0
grapheme.006-008-006-443-026-511-110.jpg,0
grapheme.004-002-001-125-021-158-064.jpg,0
grapheme.002-001-004-240-009-267-035.jpg,0
grapheme.011-001-011-078-021-103-055.jpg,0
grapheme.005-002-013-037-006-064-029.jpg,0
grapheme.005-002-002-344-012-377-046.jpg,0
grapheme.001-001-002-276-003-298-038.jpg,0
grapheme.010-006-001-359-017-394-060.jpg,0
grapheme.011-001-010-003-030-033-058.jpg,0
grapheme.002-001-002-397-012-432-041.jpg,0
grapheme.002-001-011-429-014-453-040.jpg,0
grapheme.010-003-009-059-088-099-116.jpg,0
grapheme.004-002-008-296-026-318-055.jpg,0
grapheme.006-004-003-206-015-252-072.jpg,0
grapheme.004-002-005-259-020-294-058.jpg,0
grapheme.002-001-006-267-011-293-037.jpg,0
grapheme.001-001-004-229-007-281-046.jpg,0
grapheme.001-006-002-346-022-379-075.jpg,0
grapheme.004-002-006-043-024-090-075.jpg,0
grapheme.013-005-005-356-037-389-077.jpg,0
grapheme.001-006-006-381-024-425-069.jpg,0
grapheme.010-006-002-401-015-434-060.jpg,0
grapheme.010-001-007-317-012-370-056.jpg,0
grapheme.006-004-004-147-012-192-082.jpg,0
grapheme.002-001-012-477-017-503-041.jpg,0
grapheme.013-005-007-424-029-449-066.jpg,0
grapheme.005-002-005-262-020-289-053.jpg,0
grapheme.010-006-007-482-014-510-054.jpg,0
grapheme.010-001-002-063-013-087-048.jpg,0
grapheme.006-008-003-239-014-308-080.jpg,0
grapheme.006-014-003-258-017-319-077.jpg,0
grapheme.004-001-002-174-015-223-092.jpg,0
grapheme.005-002-011-448-015-467-058.jpg,0
grapheme.011-001-009-416-027-443-050.jpg,0
grapheme.004-001-001-141-022-173-082.jpg,0
grapheme.011-001-003-155-024-180-058.jpg,0
grapheme.013-005-009-052-028-080-056.jpg,0
grapheme.010-001-001-369-006-400-045.jpg,0
grapheme.006-009-005-044-000-108-061.jpg,0
grapheme.001-006-005-123-012-171-084.jpg,0
grapheme.001-006-001-305-020-337-068.jpg,0
grapheme.010-006-003-048-023-110-104.jpg,0
grapheme.005-002-012-323-016-343-047.jpg,0
grapheme.005-002-010-171-020-190-053.jpg,0
grapheme.013-005-008-008-020-033-056.jpg,0
grapheme.010-003-004-332-015-373-068.jpg,0
grapheme.010-003-005-014-032-101-117.jpg,0
grapheme.010-006-005-437-015-478-049.jpg,0
grapheme.010-003-003-090-023-160-087.jpg,0
grapheme.013-005-006-389-032-419-072.jpg,0
grapheme.010-003-002-243-024-277-062.jpg,0
grapheme.005-002-006-417-013-443-037.jpg,0
grapheme.005-002-004-132-014-161-070.jpg,0
grapheme.010-001-006-140-009-167-036.jpg,0
grapheme.002-001-013-042-003-069-026.jpg,0
grapheme.011-001-001-112-020-139-047.jpg,0
grapheme.001-001-003-124-015-168-049.jpg,0
grapheme.006-004-001-346-029-375-075.jpg,0
grapheme.004-002-004-159-026-185-062.jpg,0
grapheme.011-001-006-182-024-202-056.jpg,0
grapheme.002-001-005-187-006-211-043.jpg,0
grapheme.006-014-002-340-023-388-083.jpg,0
grapheme.011-001-002-031-023-057-054.jpg,0
grapheme.005-002-001-284-011-316-052.jpg,0
grapheme.004-002-003-091-026-117-061.jpg,0
grapheme.002-001-009-220-010-239-040.jpg,0
grapheme.005-002-009-193-018-220-043.jpg,0
grapheme.011-001-005-228-030-251-058.jpg,0
grapheme.004-002-002-326-024-356-059.jpg,0
grapheme.006-008-001-370-026-399-061.jpg,0
grapheme.001-001-001-054-001-099-063.jpg,0
grapheme.006-009-002-228-023-257-067.jpg,0
grapheme.013-005-002-251-030-285-092.jpg,0
grapheme.006-004-002-300-027-335-069.jpg,0
grapheme.004-002-007-359-019-396-059.jpg,0
grapheme.001-001-005-090-019-110-046.jpg,0
grapheme.010-003-008-464-019-511-089.jpg,0
grapheme.002-001-003-348-015-375-041.jpg,0
grapheme.005-002-008-383-018-413-041.jpg,0
grapheme.013-005-010-473-027-511-075.jpg,0
grapheme.010-006-006-165-019-240-076.jpg,0
grapheme.010-003-001-195-025-230-076.jpg,0
grapheme.010-001-004-243-005-279-056.jpg,0
grapheme.004-002-009-199-021-245-049.jpg,0
grapheme.013-005-001-288-035-321-074.jpg,0
grapheme.002-001-010-454-013-473-046.jpg,0
grapheme.001-006-004-198-021-247-077.jpg,0
grapheme.006-008-002-310-018-372-077.jpg,0
grapheme.008-001-005-188-051-231-104.jpg,0
grapheme.008-001-016-032-214-054-248.jpg,0
grapheme.013-007-005-316-032-348-073.jpg,0
grapheme.001-005-003-176-026-225-084.jpg,0
grapheme.003-006-007-407-043-431-078.jpg,0
grapheme.005-003-013-379-003-410-041.jpg,0
grapheme.008-001-002-318-062-356-105.jpg,0
grapheme.008-001-012-033-045-055-082.jpg,0
grapheme.003-009-001-297-036-339-087.jpg,0
grapheme.003-009-006-025-020-114-123.jpg,0
grapheme.005-003-015-269-002-297-037.jpg,0
grapheme.010-008-001-342-018-376-068.jpg,0
grapheme.003-003-004-327-022-357-073.jpg,0
grapheme.006-010-002-332-026-366-058.jpg,0
grapheme.001-005-007-146-029-191-085.jpg,0
grapheme.006-010-005-276-018-329-058.jpg,0
grapheme.010-015-004-121-015-176-082.jpg,0
grapheme.008-001-003-236-061-271-112.jpg,0
grapheme.005-003-002-387-050-434-123.jpg,0
grapheme.001-005-004-327-033-350-070.jpg,0
grapheme.005-005-011-377-034-404-087.jpg,0
grapheme.003-003-005-207-019-236-066.jpg,0
grapheme.013-007-008-423-042-471-087.jpg,0
grapheme.005-005-005-399-030-426-082.jpg,0
grapheme.006-005-006-135-023-199-071.jpg,0
grapheme.005-005-009-278-024-321-096.jpg,0
grapheme.008-001-007-403-063-431-099.jpg,0
grapheme.003-006-004-128-024-180-077.jpg,0
grapheme.005-006-001-135-018-189-100.jpg,0
grapheme.006-003-004-052-018-090-079.jpg,0
grapheme.003-009-008-438-035-509-115.jpg,0
grapheme.001-005-002-352-034-376-067.jpg,0
grapheme.013-007-007-051-017-081-046.jpg,0
grapheme.013-007-004-127-005-177-068.jpg,0
grapheme.013-007-003-197-027-235-078.jpg,0
grapheme.010-010-007-250-042-286-097.jpg,0
grapheme.008-001-017-455-073-495-103.jpg,0
grapheme.003-003-010-380-021-453-112.jpg,0
grapheme.005-005-001-334-029-377-086.jpg,0
grapheme.005-005-010-063-100-107-130.jpg,0
grapheme.005-005-007-152-082-511-511.jpg,0
grapheme.006-003-002-368-032-402-063.jpg,0
grapheme.010-015-002-064-020-106-084.jpg,0
grapheme.010-015-005-228-025-269-081.jpg,0
grapheme.010-010-003-401-021-429-050.jpg,0
grapheme.003-006-001-216-028-252-072.jpg,0
grapheme.003-009-002-181-032-214-091.jpg,0
grapheme.010-008-003-221-011-254-046.jpg,0
grapheme.010-015-001-274-027-303-068.jpg,0
grapheme.005-003-006-025-035-117-144.jpg,0
grapheme.008-001-006-140-051-185-102.jpg,0
grapheme.010-010-008-482-023-508-072.jpg,0
grapheme.013-007-001-352-029-389-077.jpg,0
grapheme.006-005-001-330-031-362-074.jpg,0
grapheme.005-003-003-185-041-272-136.jpg,0
grapheme.005-006-004-395-036-433-075.jpg,0
grapheme.010-008-007-406-031-436-053.jpg,0
grapheme.008-001-009-062-220-089-248.jpg,0
grapheme.005-006-005-020-027-103-127.jpg,0
grapheme.003-003-008-462-019-507-077.jpg,0
grapheme.010-010-004-226-019-259-055.jpg,0
grapheme.006-010-003-037-008-095-063.jpg,0
grapheme.005-005-002-154-022-206-112.jpg,0
grapheme.006-010-004-208-018-275-070.jpg,0
grapheme.003-003-003-244-021-274-066.jpg,0
grapheme.005-006-007-261-060-301-107.jpg,0
grapheme.001-005-001-278-032-318-079.jpg,0
grapheme.005-003-004-438-061-468-106.jpg,0
grapheme.010-015-008-000-124-265-346.jpg,0
grapheme.006-005-003-364-028-393-066.jpg,0
grapheme.005-003-014-124-026-162-096.jpg,0
grapheme.005-006-003-208-032-248-069.jpg,0
grapheme.005-006-002-313-030-359-086.jpg,0
grapheme.010-008-006-379-026-402-063.jpg,0
grapheme.005-003-007-023-101-493-511.jpg,0
grapheme.008-001-001-361-062-394-105.jpg,0
grapheme.003-006-006-067-023-141-097.jpg,0
grapheme.006-005-005-038-017-091-084.jpg,0
grapheme.005-005-008-110-106-147-150.jpg,0
grapheme.003-009-003-343-043-372-086.jpg,0
grapheme.003-003-009-000-052-035-130.jpg,0
grapheme.008-001-013-029-129-111-254.jpg,0
grapheme.006-005-008-401-035-422-077.jpg,0
grapheme.010-010-001-181-015-224-072.jpg,0
grapheme.004-003-001-099-015-139-064.jpg,0
grapheme.003-003-002-094-018-152-071.jpg,0
grapheme.003-006-005-379-031-401-069.jpg,0
grapheme.010-010-002-316-015-357-065.jpg,0
grapheme.005-005-004-222-028-269-082.jpg,0
grapheme.003-006-002-334-026-371-071.jpg,0
grapheme.005-003-001-467-060-498-092.jpg,0
grapheme.010-008-004-099-017-134-060.jpg,0
grapheme.001-005-006-404-028-452-110.jpg,0
grapheme.010-008-008-474-009-511-058.jpg,0
grapheme.003-009-004-084-030-125-081.jpg,0
grapheme.005-005-003-019-024-110-130.jpg,0
grapheme.010-010-005-049-018-095-094.jpg,0
grapheme.013-007-009-009-008-038-047.jpg,0
grapheme.003-003-006-371-021-395-059.jpg,0
grapheme.013-007-006-288-033-316-076.jpg,0
grapheme.003-009-007-217-034-262-075.jpg,0
grapheme.003-006-008-469-030-511-072.jpg,0
grapheme.008-001-004-270-058-301-102.jpg,0
grapheme.006-003-003-326-033-360-069.jpg,0
grapheme.008-001-011-028-045-111-169.jpg,0
grapheme.005-005-012-455-032-484-090.jpg,0
grapheme.006-005-007-426-035-481-070.jpg,0
grapheme.010-008-002-179-010-218-058.jpg,0
grapheme.013-007-002-233-028-264-067.jpg,0
grapheme.010-010-006-359-016-398-050.jpg,0
grapheme.005-005-006-424-041-446-077.jpg,0
grapheme.006-005-004-205-025-240-060.jpg,0
grapheme.008-001-014-294-065-320-109.jpg,0
grapheme.006-005-002-298-035-328-068.jpg,0
grapheme.006-003-007-352-037-377-066.jpg,0
grapheme.008-001-008-066-136-097-165.jpg,0
grapheme.010-015-006-369-021-421-080.jpg,0
grapheme.003-006-003-257-032-296-074.jpg,0
grapheme.003-006-009-340-032-416-148.jpg,0
grapheme.003-003-007-401-025-440-055.jpg,0
grapheme.005-003-010-064-106-120-142.jpg,0
grapheme.006-003-005-133-018-176-076.jpg,0
grapheme.005-003-005-262-050-302-105.jpg,0
grapheme.001-005-005-093-029-165-084.jpg,0
grapheme.005-003-012-333-005-363-042.jpg,0
grapheme.010-015-007-473-032-501-061.jpg,0
grapheme.006-003-001-288-032-320-072.jpg,0
grapheme.006-010-001-108-015-143-069.jpg,0
grapheme.003-003-011-095-248-511-511.jpg,0
grapheme.005-003-009-356-004-387-042.jpg,0
grapheme.006-010-006-408-023-458-066.jpg,0
grapheme.005-006-006-369-035-396-082.jpg,0
grapheme.010-008-005-025-024-088-078.jpg,0
grapheme.008-001-010-063-052-090-080.jpg,0
grapheme.003-009-005-372-044-415-079.jpg,0
grapheme.003-003-012-000-096-437-347.jpg,0
grapheme.010-015-003-431-026-463-072.jpg,0
grapheme.006-003-006-191-027-237-074.jpg,0
grapheme.008-001-015-252-150-511-511.jpg,0
grapheme.005-003-008-323-089-361-148.jpg,0
grapheme.005-003-011-130-117-169-156.jpg,0
grapheme.003-003-001-019-018-076-099.jpg,0
grapheme.007-002-001-021-034-049-075.jpg,0
grapheme.013-003-010-259-079-282-117.jpg,0
grapheme.001-004-001-353-024-387-068.jpg,0
grapheme.013-006-011-308-035-383-149.jpg,0
grapheme.009-001-006-203-045-243-101.jpg,0
grapheme.003-001-013-015-010-039-035.jpg,0
grapheme.007-002-005-121-038-142-062.jpg,0
grapheme.006-019-003-144-022-173-074.jpg,0
grapheme.013-003-005-186-040-245-100.jpg,0
grapheme.010-007-002-314-020-348-067.jpg,0
grapheme.001-004-008-425-025-445-070.jpg,0
grapheme.009-001-002-330-054-367-098.jpg,0
grapheme.003-001-004-299-040-321-077.jpg,0
grapheme.009-001-010-042-045-120-154.jpg,0
grapheme.009-001-001-370-050-401-098.jpg,0
grapheme.010-007-007-471-019-511-091.jpg,0
grapheme.003-001-001-098-043-127-083.jpg,0
grapheme.006-019-002-305-031-334-069.jpg,0
grapheme.010-004-006-390-025-413-069.jpg,0
grapheme.009-001-004-154-047-197-100.jpg,0
grapheme.013-006-007-011-015-041-055.jpg,0
grapheme.007-002-008-398-035-421-062.jpg,0
grapheme.005-004-003-213-042-249-079.jpg,0
grapheme.013-003-006-125-032-170-121.jpg,0
grapheme.006-019-006-279-032-302-072.jpg,0
grapheme.010-007-006-033-016-105-082.jpg,0
grapheme.003-001-010-134-046-153-077.jpg,0
grapheme.007-002-002-160-037-181-063.jpg,0
grapheme.013-006-001-374-034-405-077.jpg,0
grapheme.009-001-007-410-052-436-091.jpg,0
grapheme.007-002-004-141-037-161-062.jpg,0
grapheme.010-007-008-252-075-281-103.jpg,0
grapheme.003-001-005-410-039-431-086.jpg,0
grapheme.009-001-005-251-051-283-109.jpg,0
grapheme.003-001-011-278-044-300-075.jpg,0
grapheme.013-003-001-362-042-400-091.jpg,0
grapheme.006-019-004-038-021-086-085.jpg,0
grapheme.009-001-008-043-043-073-080.jpg,0
grapheme.007-002-003-066-038-091-064.jpg,0
grapheme.007-002-010-368-034-391-066.jpg,0
grapheme.009-001-009-077-049-108-079.jpg,0
grapheme.001-004-004-130-020-192-070.jpg,0
grapheme.005-004-002-358-042-395-081.jpg,0
grapheme.013-006-005-126-000-181-079.jpg,0
grapheme.013-003-008-075-064-105-096.jpg,0
grapheme.003-001-008-255-041-273-075.jpg,0
grapheme.013-006-006-238-032-274-067.jpg,0
grapheme.003-001-012-376-043-403-065.jpg,0
grapheme.013-003-003-232-044-261-099.jpg,0
grapheme.009-001-011-461-061-500-095.jpg,0
grapheme.005-004-001-044-022-104-109.jpg,0
grapheme.013-003-004-288-047-329-111.jpg,0
grapheme.013-006-002-200-030-236-073.jpg,0
grapheme.010-004-004-183-009-222-081.jpg,0
grapheme.005-004-007-444-033-481-101.jpg,0
grapheme.013-003-007-028-056-051-094.jpg,0
grapheme.010-004-003-347-017-379-064.jpg,0
grapheme.013-006-008-058-025-087-054.jpg,0
grapheme.005-004-005-150-033-236-120.jpg,0
grapheme.001-004-003-210-011-265-067.jpg,0
grapheme.007-002-006-095-036-117-064.jpg,0
grapheme.005-004-004-310-039-355-087.jpg,0
grapheme.001-004-005-391-023-413-058.jpg,0
grapheme.003-001-003-442-039-465-071.jpg,0
grapheme.010-004-002-418-029-450-063.jpg,0
grapheme.010-007-005-152-024-197-077.jpg,0
grapheme.013-006-004-302-036-329-072.jpg,0
grapheme.001-004-007-178-015-226-071.jpg,0
grapheme.003-001-014-451-033-510-086.jpg,0
grapheme.009-001-003-282-050-310-097.jpg,0
grapheme.006-019-007-204-028-246-095.jpg,0
grapheme.005-004-006-402-044-429-071.jpg,0
grapheme.010-004-005-079-032-130-079.jpg,0
grapheme.003-001-006-187-050-214-074.jpg,0
grapheme.013-006-010-416-037-439-081.jpg,0
grapheme.003-001-007-346-043-367-070.jpg,0
grapheme.001-004-002-315-022-350-065.jpg,0
grapheme.003-001-002-226-049-258-077.jpg,0
grapheme.013-003-009-419-048-479-091.jpg,0
grapheme.006-019-001-249-026-277-073.jpg,0
grapheme.013-003-002-320-042-359-103.jpg,0
grapheme.007-002-007-341-035-369-066.jpg,0
grapheme.013-006-009-449-031-488-071.jpg,0
grapheme.010-007-004-351-024-392-067.jpg,0
grapheme.010-007-001-394-026-426-058.jpg,0
grapheme.010-004-001-245-017-285-072.jpg,0
grapheme.001-004-006-041-011-092-100.jpg,0
grapheme.010-007-003-198-025-239-070.jpg,0
grapheme.006-019-005-178-028-205-066.jpg,0
grapheme.007-002-009-427-034-447-056.jpg,0
grapheme.003-001-009-155-047-181-069.jpg,0
grapheme.013-006-003-330-034-366-071.jpg,0
